id,group,subject,question_no,preferred_pdf,backup_pdf,image_file,status,notes
MOEX-100140-1101-Q079,醫學（一）,寄生蟲學,079,100140_1101.pdf,100140_MOD1101.pdf,,pending,
MOEX-103100-1101-Q033,醫學（一）,組織學,033,103100_1101.pdf,103100_MOD1101.pdf,,pending,
MOEX-103100-1101-Q061,醫學（一）,微生物免疫學,061,103100_1101.pdf,103100_MOD1101.pdf,,pending,
MOEX-105100-5301-Q015,醫學（一）,解剖學,015,105100_5301.pdf,105100_MOD5301.pdf,,pending,
MOEX-105100-5301-Q028,醫學（一）,解剖學,028,105100_5301.pdf,105100_MOD5301.pdf,,pending,
MOEX-105100-5301-Q089,醫學（一）,公共衛生學,089,105100_5301.pdf,105100_MOD5301.pdf,,pending,
MOEX-106020-5301-Q089,醫學（一）,公共衛生學,089,106020_5301.pdf,106020_MOD5301.pdf,,pending,
MOEX-107020-5301-Q049,醫學（一）,生理學,049,107020_5301.pdf,107020_MOD5301.pdf,,pending,
MOEX-108030-1301-Q057,醫學（一）,生理學,057,108030_1301.pdf,108030_MOD1301.pdf,,pending,
MOEX-109020-1301-Q100,醫學（一）,生物化學,100,109020_1301-2.pdf,109020_1301.pdf,,pending,
MOEX-110020-1301-Q076,醫學（一）,生物化學,076,110020_1301.pdf,110020_ANS1301.pdf,,pending,
MOEX-111020-1301-Q029,醫學（一）,解剖學,029,111020_1301.pdf,111020_ANS1301.pdf,,pending,
MOEX-111100-1301-Q013,醫學（一）,解剖學,013,111100_1301.pdf,111100_MOD1301.pdf,,pending,
MOEX-111100-1301-Q029,醫學（一）,解剖學,029,111100_1301.pdf,111100_MOD1301.pdf,,pending,
MOEX-111100-1301-Q051,醫學（一）,生理學,051,111100_1301.pdf,111100_MOD1301.pdf,,pending,
MOEX-111100-1301-Q057,醫學（一）,生理學,057,111100_1301.pdf,111100_MOD1301.pdf,,pending,
MOEX-112100-1301-Q058,醫學（一）,生理學,058,112100_1301.pdf,112100_ANS1301.pdf,,pending,
MOEX-113020-1301-Q046,醫學（一）,組織學,046,113020_1301.pdf,113020_MOD1301.pdf,,pending,
MOEX-113090-1301-Q076,醫學（一）,生物化學,076,113090_1301.pdf,113090_ANS1301.pdf,,pending,
MOEX-114020-1301-Q051,醫學（一）,生理學,051,114020_1301.pdf,114020_MOD1301.pdf,,pending,
MOEX-114020-1301-Q077,醫學（一）,生物化學,077,114020_1301.pdf,114020_MOD1301.pdf,,pending,
MOEX-114090-1301-Q029,醫學（一）,解剖學,029,114090_1301.pdf,114090_MOD1301.pdf,,pending,
MOEX-114090-1301-Q058,醫學（一）,生理學,058,114090_1301.pdf,114090_MOD1301.pdf,,pending,
MOEX-115020-1301-Q057,醫學（一）,生理學,057,115020_1301.pdf,115020_MOD1301.pdf,,pending,
MOEX-115020-1301-Q058,醫學（一）,生理學,058,115020_1301.pdf,115020_MOD1301.pdf,,pending,
MOEX-100030-2101-Q093,醫學（二）,病理學,093,100030_2101.pdf,100030_MOD2101.pdf,,pending,
MOEX-100140-2101-Q098,醫學（二）,病理學,098,100140_2101.pdf,100140_MOD2101.pdf,,pending,
MOEX-101110-2101-Q076,醫學（二）,病理學,076,101110_2101.pdf,101110_MOD2101.pdf,,pending,
MOEX-101030-2101-Q098,醫學（二）,病理學,098,101030_2101.pdf,101030_MOD2101.pdf,,pending,
MOEX-101030-2101-Q099,醫學（二）,病理學,099,101030_2101.pdf,101030_MOD2101.pdf,,pending,
MOEX-101030-2101-Q100,醫學（二）,病理學,100,101030_2101.pdf,101030_MOD2101.pdf,,pending,
MOEX-102110-2101-Q042,醫學（二）,生物化學,042,102110_2101.pdf,102110_MOD2101.pdf,,pending,
MOEX-102110-2101-Q079,醫學（二）,病理學,079,102110_2101.pdf,102110_MOD2101.pdf,,pending,
MOEX-102110-2101-Q094,醫學（二）,病理學,094,102110_2101.pdf,102110_MOD2101.pdf,,pending,
MOEX-102030-2101-Q096,醫學（二）,病理學,096,102030_2101.pdf,102030_MOD2101.pdf,,pending,
MOEX-102030-2101-Q097,醫學（二）,病理學,097,102030_2101.pdf,102030_MOD2101.pdf,,pending,
MOEX-102030-2101-Q098,醫學（二）,病理學,098,102030_2101.pdf,102030_MOD2101.pdf,,pending,
MOEX-102030-2101-Q100,醫學（二）,病理學,100,102030_2101.pdf,102030_MOD2101.pdf,,pending,
MOEX-102110-2101-Q100,醫學（二）,病理學,100,102110_2101.pdf,102110_MOD2101.pdf,,pending,
MOEX-103030-2101-Q079,醫學（二）,藥理學,079,103030_2101.pdf,103030_MOD2101.pdf,,pending,
MOEX-103100-2101-Q092,醫學（二）,病理學,092,103100_2101.pdf,103100_MOD2101.pdf,,pending,
MOEX-103100-2101-Q093,醫學（二）,病理學,093,103100_2101.pdf,103100_MOD2101.pdf,,pending,
MOEX-103030-2101-Q097,醫學（二）,病理學,097,103030_2101.pdf,103030_MOD2101.pdf,,pending,
MOEX-103030-2101-Q100,醫學（二）,藥理學,100,103030_2101.pdf,103030_MOD2101.pdf,,pending,
MOEX-104030-2101-Q092,醫學（二）,病理學,092,104030_2101.pdf,104030_MOD2101.pdf,,pending,
MOEX-104030-2101-Q097,醫學（二）,病理學,097,104030_2101.pdf,104030_MOD2101.pdf,,pending,
MOEX-104090-6301-Q013,醫學（二）,生理學,013,104090_6301.pdf,104090_MOD6301.pdf,,pending,
MOEX-104090-6301-Q097,醫學（二）,病理學,097,104090_6301.pdf,104090_MOD6301.pdf,,pending,
MOEX-105100-6301-Q095,醫學（二）,病理學,095,105100_6301.pdf,105100_MOD6301.pdf,,pending,
MOEX-105020-6301-Q097,醫學（二）,病理學,097,105020_6301.pdf,105020_MOD6301.pdf,,pending,
MOEX-106100-2301-Q092,醫學（二）,病理學,092,106100_2301-2.pdf,106100_2301.pdf,,pending,
MOEX-106100-2301-Q099,醫學（二）,病理學,099,106100_2301-2.pdf,106100_2301.pdf,,pending,
MOEX-107100-2301-Q084,醫學（二）,病理學,084,107100_2301.pdf,107100_MOD2301.pdf,,pending,
MOEX-108030-2301-Q094,醫學（二）,病理學,094,108030_2301.pdf,108030_MOD2301.pdf,,pending,
MOEX-107020-6301-Q079,醫學（二）,病理學,079,107020_6301.pdf,107020_MOD6301.pdf,,pending,
MOEX-107020-6301-Q085,醫學（二）,病理學,085,107020_6301.pdf,107020_MOD6301.pdf,,pending,
MOEX-107020-6301-Q094,醫學（二）,病理學,094,107020_6301.pdf,107020_MOD6301.pdf,,pending,
MOEX-110101_2301-Q100,醫學（二）,病理學,100,110101_2301.pdf,110101_MOD2301.pdf,,pending,
MOEX-112100-2301-Q045,醫學（二）,公共衛生學,045,112100_2301.pdf,112100_MOD2301.pdf,,pending,
MOEX-113090-2301-Q092,醫學（二）,病理學,092,113090_2301.pdf,113090_MOD2301.pdf,,pending,
MOEX-113020-2301-Q099,醫學（二）,病理學,099,113020_2301.pdf,113020_ANS2301.pdf,,pending,
MOEX-113020-2301-Q100,醫學（二）,病理學,100,113020_2301.pdf,113020_ANS2301.pdf,,pending,
MOEX-114020-2301-Q044,醫學（二）,公共衛生學,044,114020_2301.pdf,114020_MOD2301.pdf,,pending,
MOEX-114090-2301-Q049,醫學（二）,公共衛生學,049,114090_2301.pdf,114090_MOD2301.pdf,,pending,
MOEX-114090-2301-Q097,醫學（二）,病理學,097,114090_2301.pdf,114090_MOD2301.pdf,,pending,
