id,exam_year_roc,exam_session,exam_code,paper_code,question_no,old,new,stem_preview
MOEX-104030-1101-Q018,104,第一次,104030,1101,18,生理學/解剖學,生理學,副交感神經興奮時，最可能造成下列何者收縮？
MOEX-104030-1101-Q020,104,第一次,104030,1101,20,解剖學/生理學,生理學,下列那一構造不參與精漿（seminal plasma）的製成？
MOEX-106100-1301-Q048,106,第二次,106100,1301,48,解剖學,生理學,下列對referred pain的敘述，何者最恰當？
MOEX-106100-1301-Q050,106,第二次,106100,1301,50,解剖學,生理學,下列何者與大腦的運動皮層一起計畫和設計動作的進行程序（planning and programming movements）？
MOEX-106100-1301-Q051,106,第二次,106100,1301,51,解剖學,生理學,有關運動控制（motor control），下列敘述何者正確？
MOEX-106100-1301-Q052,106,第二次,106100,1301,52,解剖學,生理學,聽覺受器位於下列何處？
MOEX-106100-1301-Q053,106,第二次,106100,1301,53,神經解剖,生理學,下列何者與味蕾感覺訊號的傳遞，較不相關？
MOEX-106100-1301-Q057,106,第二次,106100,1301,57,解剖學,生理學,主動瓣脈逆流（aortic regurgitation）的病人，可藉由下列何種代償作用減緩循環缺失（circulatory insufficiency）的嚴重性？
MOEX-106100-1301-Q062,106,第二次,106100,1301,62,解剖學,生理學,貧血（anemia）患者，其血紅素（hemoglobin）濃度僅達正常值之50%，此外並無其它心肺功能異常。此人 進行正常換氣（ventilation）時，與健康的人相比較，下列那些參數顯著偏低？①體動脈血中氧分壓 ②體動脈血中氧合血紅素飽
MOEX-106100-1301-Q063,106,第二次,106100,1301,63,解剖學,生理學,下列何者對於抑制胃的活動力（motility）與排空（emptying）作用最強？
MOEX-106100-1301-Q064,106,第二次,106100,1301,64,解剖學,生理學,對血清素（serotonin）的敘述，下列何者正確？
MOEX-106100-1301-Q070,106,第二次,106100,1301,70,解剖學,生理學,下列那一個腺體所分泌之激素多為脂溶性？
MOEX-106100-1301-Q073,106,第二次,106100,1301,73,解剖學,生理學,在人類卵巢濾泡（follicle）成熟過程中，於何階段出現cumulus oophorus？
MOEX-106100-1301-Q091,106,第二次,106100,1301,91,解剖學,生物化學,在肝臟細胞膜（plasma membrane）中，下列何種脂質含量最低？
MOEX-106100-1301-Q099,106,第二次,106100,1301,99,解剖學,生物化學,心房利鈉肽（Atrial natriuretic factor: ANF）是調節體液平衡的配體（ligand），其受體為下列何種類型？
MOEX-107020-5301-Q047,107,第一次,107020,5301,47,解剖學,生理學,與位在視網膜顳側（temporal portion of the retina）光感受細胞相聯繫的神經節細胞（ganglion cells），通 常投射至視丘那一核區？
MOEX-107020-5301-Q049,107,第一次,107020,5301,49,解剖學,生理學,因腦瘤壓迫造成無法看到左眼內側視野及右眼外側視野的影像。此患者被腦瘤所壓迫的位置最可能為下列何 者？
MOEX-107020-5301-Q050,107,第一次,107020,5301,50,解剖學,生理學,下視丘（hypothalamus）的那一個核區為人體生物時鐘（biological clock）之主要節律點（pacemaker）？
MOEX-107020-5301-Q051,107,第一次,107020,5301,51,解剖學,生理學,下列那一個大腦運動區位於體感覺區的後方，並且負責眼手的協調？
MOEX-107020-5301-Q052,107,第一次,107020,5301,52,解剖學,生理學,下列何者是負責掌控手指肌肉執行精細動作的最主要運動路徑？
MOEX-107020-5301-Q053,107,第一次,107020,5301,53,神經解剖,生理學,下列那一個路徑是以glutamate為傳遞物質的興奮性路徑？
MOEX-107020-5301-Q054,107,第一次,107020,5301,54,解剖學,生理學,下列何種鈣離子通道（calcium channel）是所有肌細胞皆具有的，並負責釋出鈣離子啟動收縮？
MOEX-107020-5301-Q057,107,第一次,107020,5301,57,解剖學,生理學,林小姐因出現頭昏、噁心、嘔吐被送至急診室，當時呼吸頻率為13次／分，體循環動脈血液分析數值分別 為：PaO ＝98 mmHg，PaCO ＝38 mmHg，SaO ＝70%，Hb＝14 g/100 mL。根據上述的結果，推測可 2 2 2 能
MOEX-107020-5301-Q058,107,第一次,107020,5301,58,解剖學,生理學,若頸動脈竇（carotid sinus）及主動脈弓（aortic arch）上的感壓受器（baroreceptor）放電頻率（firing rate）增加，則下列何者正確？
MOEX-107020-5301-Q059,107,第一次,107020,5301,59,解剖學,生理學,從事慢跑等耐力運動時，心輸出量（cardiac output）可能增加 4～7 倍。此時身體可利用下列那些作用來增 加心輸出量？①興奮動脈感壓受器（arterial baroreceptors），使其放電頻率增加 ②增加吸氣的深度及頻 率 
MOEX-107020-5301-Q061,107,第一次,107020,5301,61,解剖學,生理學,用力呼氣（forced expiration）時，最不易發生下列何種現象？
MOEX-107020-5301-Q063,107,第一次,107020,5301,63,解剖學,生理學,人類的嘔吐中樞（vomiting center）位於何處？
MOEX-107020-5301-Q065,107,第一次,107020,5301,65,解剖學,生理學,若泌尿道阻塞而導致鮑氏囊淨水壓（hydrostatic pressure of the Bowman's capsule）增高時，腎絲球過濾率 （glomerular filtration rate）最可能因此而產生下列何種改變？
MOEX-107020-5301-Q069,107,第一次,107020,5301,69,解剖學,生理學,有關壓力（stress）造成身體主要反應之敘述，下列何者正確？
MOEX-107020-5301-Q091,107,第一次,107020,5301,91,解剖學,生物化學,心血管疾病的病人使用aspirin預防血栓發生，減少中風及心肌梗塞，下列敘述何者錯誤？
MOEX-107100-1301-Q048,107,第二次,107100,1301,48,解剖學,生理學,當光線進入視網膜時，最先經過下列何種細胞？
MOEX-107100-1301-Q049,107,第二次,107100,1301,49,解剖學,生理學,在昏暗的環境下，視網膜桿狀細胞（rod cell）外部區段（outer segment）產生的鈉離子內流（influx）電流 主要是因為下列那一物質的作用？
MOEX-107100-1301-Q050,107,第二次,107100,1301,50,解剖學,生理學,當考生正專注於國家考試試題時，額葉測得的腦波最可能是下列何者？
MOEX-107100-1301-Q051,107,第二次,107100,1301,51,解剖學,生理學,由右耳傳入中樞神經系統的auditory input，將傳至何處？
MOEX-107100-1301-Q053,107,第二次,107100,1301,53,解剖學,生理學,有關右眼之外側視野訊息之敘述，何者正確？
MOEX-107100-1301-Q057,107,第二次,107100,1301,57,解剖學,生理學,若血液黏滯係數（blood viscosity）增加時，最可能直接引起下列那一改變？
MOEX-107100-1301-Q060,107,第二次,107100,1301,60,解剖學,生理學,下列有關肺部發生纖維化（fibrosis）後肺功能變化之敘述，何者錯誤？
MOEX-107100-1301-Q063,107,第二次,107100,1301,63,解剖學,生理學,下列何者不屬於消化道的內在神經系統（intrinsic nervous system）？
MOEX-107100-1301-Q064,107,第二次,107100,1301,64,解剖學,生理學,下列那種膽汁成分之相對比例，最易導致膽結石的產生？
MOEX-107100-1301-Q069,107,第二次,107100,1301,69,解剖學,生理學,人體內，vitamin D 轉為25-hydroxycholecalciferol主要是在下列何種器官中進行？ 3
MOEX-108030-1301-Q047,108,第一次,108030,1301,47,解剖學,生理學,下列①⾄④項中那些物質運輸⽅向是由⾼濃度到低濃度？ ①鈣離⼦經由幫浦（Ca2+ ATPase） 回收⾄肌漿網（sarcoplasmic reticulum） ②鈉離⼦經由鈉-葡萄糖共同轉運蛋⽩（sodium-glucose cotransp
MOEX-108030-1301-Q050,108,第一次,108030,1301,50,解剖學,生理學,下列有關視神經盤（optic disc）的敘述，何者錯誤？
MOEX-108030-1301-Q054,108,第一次,108030,1301,54,解剖學,生理學,正常情況下，下列何種⾎漿蛋⽩主要由肝臟⽣成？
MOEX-108030-1301-Q055,108,第一次,108030,1301,55,解剖學,生理學,⼼臟舒張期時的⼼雜⾳（murmur）可由下列何者引起？
MOEX-108030-1301-Q061,108,第一次,108030,1301,61,解剖學,生理學,下列何者氧分壓 最⾼？
MOEX-108030-1301-Q066,108,第一次,108030,1301,66,解剖學,生理學,下列何者最不常作為腎⼩管之管腔內氫離⼦的酸鹼緩衝物質？
MOEX-108030-1301-Q067,108,第一次,108030,1301,67,解剖學,生理學,下列有關腎⼩管葡萄糖再吸收的描述，何者正確？
MOEX-108100-1301-Q049,108,第二次,108100,1301,49,解剖學,生理學,下列何者不參與瞳孔對光的反射作用？
MOEX-108100-1301-Q050,108,第二次,108100,1301,50,解剖學,生理學,下列cranial nerves中，何者只含sensory fibers？
MOEX-108100-1301-Q051,108,第二次,108100,1301,51,解剖學,生理學,經由多次訓練與學習，投籃可以百發百中，與下列何腦區最為相關？
MOEX-108100-1301-Q052,108,第二次,108100,1301,52,解剖學,生理學,下列何處受損會導致病患出現動態顫抖（intention tremor）、動幅障礙（dysmetria）和姿勢不穩（unstable posture）等運動失調症狀？
MOEX-108100-1301-Q053,108,第二次,108100,1301,53,解剖學,生理學,下運動神經元（lower motor neurons）的損傷會導致下列那一種疾病？
MOEX-108100-1301-Q057,108,第二次,108100,1301,57,解剖學,生理學,當人體突然大量失血，最不可能發生下列何種狀況？
MOEX-108100-1301-Q060,108,第二次,108100,1301,60,解剖學,生理學,氣體交換（gas exchange）可發生在下列那些位置？①支氣管（bronchi） ②肺泡（alveoli） ③末端細支 氣管（terminal bronchioles） ④呼吸性細支氣管（respiratory bronchioles）
MOEX-108100-1301-Q062,108,第二次,108100,1301,62,解剖學,生理學,張先生到醫院進行各項肺容積之測量，測量結果顯示總肺容量（total lung capacity）為5000毫升，肺餘容積 （residual volume）為300毫升，兩者之間的差值稱之為何？
MOEX-108100-1301-Q064,108,第二次,108100,1301,64,解剖學,生理學,胰蛋白酶（trypsin）不參與下列那種酵素的活化？
MOEX-108100-1301-Q071,108,第二次,108100,1301,71,解剖學,生理學,催產素（oxytocin）的主要作用為何？
MOEX-109100-1301-Q048,109,第二次,109100,1301,48,解剖學,生理學,下列有關大腦皮質對語言功能調控的敘述，何者最恰當？
MOEX-109100-1301-Q051,109,第二次,109100,1301,51,解剖學,生理學,梅尼爾氏症候群出現眩暈感（vertigo）的症狀，最可能是因為下列何處受到異常刺激？
MOEX-109100-1301-Q053,109,第二次,109100,1301,53,解剖學,生理學,在升降梯加速與減速時，負責偵測身體之垂直位移，並引起適當反射以保持平衡之主要結構為何？
MOEX-109100-1301-Q055,109,第二次,109100,1301,55,解剖學,生理學,下列那一種疾病起因於缺少菸鹼酸膽鹼型受器（nicotinic cholinergic receptor），並可以用乙醯膽鹼分解酶抑 制劑（acetylcholinesterase inhibitor）加以治療？
MOEX-109100-1301-Q058,109,第二次,109100,1301,58,解剖學,生理學,下列那一項因素最可能造成右心房壓升高？
MOEX-109100-1301-Q061,109,第二次,109100,1301,61,解剖學,生理學,居住於平地的居民，登上3000公尺的高山並待了七天，下列何種生理變化最不可能發生？
MOEX-109100-1301-Q065,109,第二次,109100,1301,65,解剖學,生理學,正常情況下，下列那一段腎小管對水分的通透性（permeability）最大？
MOEX-109100-1301-Q067,109,第二次,109100,1301,67,解剖學,生理學,將雄鼠之腦下垂體前葉（anterior pituitary）移植到另一隻雄鼠之腎臟包膜（renal capsule）內，數週後移植的 腦下垂體前葉生長情況良好，則接受移植之雄鼠其血中激素與沒接受移植之雄性對照鼠的比較，其變化之情 形最接近下
MOEX-109100-1301-Q070,109,第二次,109100,1301,70,解剖學,生理學,下列何者與男性生殖器官的形成最不相關？
MOEX-109100-1301-Q072,109,第二次,109100,1301,72,解剖學,生理學,一位21歲的男性因視力障礙及頭痛就醫，醫師除了發現病患有腦壓增高的現象外，也有視野雙側顳側 （bitemporal）偏盲現象。經腦部電腦斷層掃描後，最可能的診斷為下列何者？
MOEX-109100-1301-Q090,109,第二次,109100,1301,90,解剖學,生物化學,下列何者並非膽固醇（cholesterol）生合成之前驅物？
MOEX-110020-1301-Q049,110,第一次,110020,1301,49,解剖學,生理學,交感神經興奮時，眼睛會產生下列何種反應？
MOEX-110020-1301-Q050,110,第一次,110020,1301,50,解剖學,生理學,體溫調節中樞位於何處？
MOEX-110020-1301-Q052,110,第一次,110020,1301,52,解剖學,生理學,訓練孩童捏陶土和剪紙等手部精細動作，最主要目的是為強化下列那一條神經路徑？
MOEX-110020-1301-Q053,110,第一次,110020,1301,53,解剖學,生理學,活化下列何種傳出神經元（efferent neuron）可誘發muscle spindle收縮？
MOEX-110020-1301-Q060,110,第一次,110020,1301,60,解剖學,生理學,若完全切除動物的感壓接受器（baroreceptor）神經路徑，下列何者最符合切除後短期內平均動脈壓的變化？
MOEX-110020-1301-Q062,110,第一次,110020,1301,62,解剖學,生理學,有關呼吸時的作功（work of breathing），下列敘述何者正確？
MOEX-110020-1301-Q064,110,第一次,110020,1301,64,解剖學,生理學,肝臟產生的膽酸主要是透過什麼作用幫助脂肪的消化吸收？
MOEX-110020-1301-Q065,110,第一次,110020,1301,65,解剖學,生理學,下列關於膽囊收縮素（cholecystokinin）之敘述，何者最恰當？
MOEX-110101-1301-Q048,110,第二次,110101,1301,48,神經解剖,生理學,一個完全沒有視野缺失，但無法說出所見物體形狀的個案，最有可能於下列何處有神經細胞損傷？
MOEX-110101-1301-Q050,110,第二次,110101,1301,50,解剖學,生理學,有關丘腦神經核和具特定功能大腦皮質區的直接或單一突觸（direct or monosynaptic）聯絡配對，下列何項錯 誤？
MOEX-110101-1301-Q052,110,第二次,110101,1301,52,解剖學,生理學,雖聽不懂醫囑和指示，當一位術後產生劇烈疼痛感的病人發現按壓一個白色的鈕能使醫護人員事先準備的 fentanyl溶液自動直接注入自己的靜脈，並產生某種感覺後，術後病人就開始快速而持續的按壓那一顆白色的 鈕。病人並不知道在術後第二週後，fent
MOEX-110101-1301-Q057,110,第二次,110101,1301,57,解剖學,生理學,若以一條繩線緊綁某根手指頭根部1～2分鐘後，移除該繩線後會發現該手指因短暫血流增加而變紅，這現象 最主要是下列何種局部控制機制所致？
MOEX-110101-1301-Q058,110,第二次,110101,1301,58,解剖學,生理學,林小明跌倒受傷引起失血，但平均動脈壓卻無明顯改變。這是因為此時體內為了維持循環系統正常運作，啟 動了一些恆定（homeostasis）機制。這些機制最不可能包括下列何項？
MOEX-110101-1301-Q062,110,第二次,110101,1301,62,解剖學,生理學,正常生理狀況下，下列何種器官所分泌的脂肪酵素（lipase）最少？
MOEX-110101-1301-Q072,110,第二次,110101,1301,72,解剖學,生理學,黃體生成素受器（LH receptor）缺失的男性，其精子生成（spermatogenesis）能力低，此顯示下列何者具有參 與調節精子生成的重要性？
MOEX-110101-1301-Q073,110,第二次,110101,1301,73,解剖學,生理學,女性因幾乎無月經週期而求診，經檢查發現其卵巢幾乎沒有空腔濾泡（antral follicles），血液雄性素 （androgen）含量正常而雌性素（estrogen）低落；此最可能是因為缺乏下列何者所致？
MOEX-110101-1301-Q091,110,第二次,110101,1301,91,解剖學,生物化學,以抑制肺部小氣道收縮為治療氣喘的策略時，下列何者最適合作為發展抑制氣喘藥物的標的？
MOEX-111020-1301-Q049,111,第一次,111020,1301,49,解剖學,生理學,下列何者是參與引發睪丸下降至陰囊（testis descent）的重要因子，而此與精子生成能力密切相關？
MOEX-111020-1301-Q050,111,第一次,111020,1301,50,解剖學,生理學,下列對於負責傳遞視覺刺激的細胞，其接受域（receptive field）的敘述，何者最不適當？
MOEX-111020-1301-Q051,111,第一次,111020,1301,51,解剖學,生理學,下列神經元，何項最不可能是主司意識喚起（arousal）功能的ascending reticular formation system之一部分？
MOEX-111020-1301-Q052,111,第一次,111020,1301,52,解剖學,生理學,個案因長期酗酒而出現有突然想不起來本來計畫好要做的事情、想不起來一個名字熟識的人其臉孔的特徵、 想用過去學過的詞彙來進行溝通，卻怎麼也想不起來那些詞彙要怎麼說等症狀的Korsakoff syndrome，但該個 案長久以來所建立的聽覺相關記
MOEX-111020-1301-Q056,111,第一次,111020,1301,56,神經解剖,生理學,下列何者為身體在直線加速（linear acceleration）時協助維持平衡的最主要構造？
MOEX-111020-1301-Q060,111,第一次,111020,1301,60,解剖學,生理學,在正常心臟週期的等容收縮（isovolumic contraction）期中，下列各腔室的壓力排列順序何者正確？
MOEX-111020-1301-Q061,111,第一次,111020,1301,61,解剖學,生理學,一位在跳跳繩的同學每分鐘的耗氧量為1.9 L，若其動脈血中的氧含量約為188 mL/L，而其靜脈血中的氧含量 約為134 mL/L，則其cardiac output約為多少L/min？
MOEX-111020-1301-Q062,111,第一次,111020,1301,62,解剖學,生理學,王大明車禍失血導致平均動脈壓（mean arterial pressure）下降，下列何者與此一現象之發生最不相關？
MOEX-111020-1301-Q063,111,第一次,111020,1301,63,解剖學,生理學,有關肺臟的氧氣擴散能力（diffusing capacity for oxygen），下列敘述何者正確？
MOEX-111020-1301-Q064,111,第一次,111020,1301,64,解剖學,生理學,相較於正常換氣（normal ventilation），過度換氣（hyperventilation）時可見：①肺泡內氧分壓（ ）顯著 上升 ②肺泡內二氧化碳分壓（ ）顯著下降 ③體動脈血中二氧化碳總含量（total content of C
MOEX-111020-1301-Q065,111,第一次,111020,1301,65,解剖學,生理學,刺激下列何者，對於促進胃酸生成的效果最低？
MOEX-111020-1301-Q078,111,第一次,111020,1301,78,解剖學,生物化學,下列何種激素－受體相互作用後，受體會由單體（monomer）形成雙聚體（dimer）？
MOEX-111020-1301-Q079,111,第一次,111020,1301,79,解剖學,生物化學,庫欣氏症（Cushing syndrome）是一種腎上腺皮質類固醇分泌過多的疾病，下列敘述何者錯誤？
MOEX-111020-1301-Q081,111,第一次,111020,1301,81,解剖學,生物化學,"下列那個雙股去氧核糖核酸的物理性質可被用來測定其融化溫度（melting temperature, T ）？ m"
MOEX-111020-1301-Q097,111,第一次,111020,1301,97,解剖學,生物化學,下列對於膽酸（bile acids）的敘述，何者錯誤？
MOEX-111100-1301-Q048,111,第二次,111100,1301,48,解剖學,生理學,下列何者最不可能造成視野缺失（scotoma）？
MOEX-111100-1301-Q050,111,第二次,111100,1301,50,解剖學,生理學,Enteric nervous system應視為自主神經的一支，其和消化道運動控制較相關的次系統是下列何項？
MOEX-111100-1301-Q051,111,第二次,111100,1301,51,解剖學,生理學,下列有關腦電圖（EEG）的敘述，何者最不適當？
MOEX-111100-1301-Q058,111,第二次,111100,1301,58,解剖學,生理學,有關主動脈瓣之關閉（aortic valve closure）的敘述，下列何者錯誤？
MOEX-111100-1301-Q060,111,第二次,111100,1301,60,解剖學,生理學,某受試者，其氧氣消耗量為每分鐘600毫升（mL/min），肺動脈血氧濃度為每公升140毫升，肱動脈（brachial artery）血氧濃度為每公升200毫升，則此受試者的心輸出量（cardiac output）為多少L/min？
MOEX-111100-1301-Q061,111,第二次,111100,1301,61,解剖學,生理學,健康者站立，在其肺容量等於功能肺餘容量（functional residual capacity）時開始吸氣（inspiration），此時吸 入的氣體最容易進入下列何區域的肺泡（alveolus）？
MOEX-111100-1301-Q063,111,第二次,111100,1301,63,解剖學,生理學,下列關於胃泌素（gastrin）的敘述，何者正確？
MOEX-111100-1301-Q077,111,第二次,111100,1301,77,解剖學,生物化學,Pyridoxal phosphate與aspartate aminotransferase活性中心的某胺基酸形成Schiff base來催化oxaloacetate形成 aspartate，此胺基酸是下列何者？
MOEX-112100-1301-Q048,112,第二次,112100,1301,48,解剖學,生理學,有關視網膜的敘述，下列何者最不適當？
MOEX-112100-1301-Q049,112,第二次,112100,1301,49,解剖學,生理學,已知 corticospinal tract、corticobulbar tract、rubrospinal tract 下行的刺激訊息多匯集於四肢的縮肌（flexor muscle） 群，使之收縮；而 pontine reticulosp
MOEX-112100-1301-Q051,112,第二次,112100,1301,51,解剖學,生理學,兔子僅以左眼多次學習 light flickering 和 shock 前後依序出現的制約，並以瞬膜在 light flickering 出現後隨即迅 速關閉來表現該制約的學習記憶成果。學習結束後發現左右眼瞬膜皆能因應 light flic
MOEX-112100-1301-Q053,112,第二次,112100,1301,53,解剖學,生理學,下列有關血清素（serotonin）的敘述，何者正確？
MOEX-112100-1301-Q058,112,第二次,112100,1301,58,解剖學,生理學,下列那一個現象不會發生在正常的心臟收縮期中？
MOEX-112100-1301-Q078,112,第二次,112100,1301,78,解剖學,生物化學,在肌肉、肝臟與腎臟之間胺基（amino group）的運送，主要藉由下列那一組胺基酸作為胺基的攜帶者 （carriers）？
MOEX-112100-1301-Q082,112,第二次,112100,1301,82,解剖學,生物化學,"遺傳性非息肉症大腸直腸癌（hereditary nonpolyposis colon cancer, HNPCC）病患，主要是在何種 DNA 修復功能 上產生缺失？"
MOEX-113020-1301-Q049,113,第一次,113020,1301,49,解剖學,生理學,自主神經系統的節前神經元細胞本體除位於一些腦神經的運動神經核外，也會存在脊髓的下列何處？
MOEX-113020-1301-Q050,113,第一次,113020,1301,50,解剖學,生理學,下列何項反應，交感神經和副交感神經的作用通常是較為一致的？
MOEX-113020-1301-Q051,113,第一次,113020,1301,51,解剖學,生理學,大腦皮質接收感官傳入的刺激訊息，並將這些訊息再傳出至其他特定的大腦皮質或神經核做進一步的處理。 因此，大腦皮質傳出訊息的神經元通常是大型的錐體神經元（pyramidal neuron，又稱Betz cell），且其 樹突分布深廣，軸突包覆有
MOEX-113020-1301-Q056,113,第一次,113020,1301,56,解剖學,生理學,興奮dynamic γ-motor neuron時，其所支配之骨骼肌會產生何種變化？
MOEX-113020-1301-Q058,113,第一次,113020,1301,58,解剖學,生理學,對正常的心臟週期而言，在第一心音與第二心音之間，會發生下列何項生理變化？
MOEX-113020-1301-Q059,113,第一次,113020,1301,59,解剖學,生理學,下列何種情況最有可能增加心輸出量（cardiac output）？
MOEX-113020-1301-Q061,113,第一次,113020,1301,61,解剖學,生理學,下列那一因子最可能引起冠狀動脈（coronary artery）血管收縮？
MOEX-113020-1301-Q062,113,第一次,113020,1301,62,解剖學,生理學,某健康者在海平面呼吸一般空氣，正常情況下，比較各處氧分壓（ ）的大小關係，下列排序何者正確？ ①吸入的氣體（inspired air，在鼻腔中測量） ②肺泡內氣體（alveolar air） ③呼出的氣體 （expired air，在鼻腔
MOEX-113020-1301-Q063,113,第一次,113020,1301,63,解剖學,生理學,已知某藥物會抑制碳酸酐酶（carbonic anhydrase），但是無法穿透血腦障壁（blood-brain barrier）。 實驗中，大白鼠分為兩組，控制組未曾經過藥物處理，實驗組則事先接受該藥物注射進入體動脈（systemic ar
MOEX-113020-1301-Q065,113,第一次,113020,1301,65,解剖學,生理學,對於腸細胞（enterocyte）吸收的糖類物質與方式的敘述，下列何者最正確？
MOEX-113090-1301-Q048,113,第二次,113090,1301,48,自律神經解剖,生理學,Horner syndrome的病人分布於臉面的交感神經受損，最不可能出現下列何項特徵？
MOEX-113090-1301-Q053,113,第二次,113090,1301,53,解剖學,生理學,下列何種部位的損傷，最可能導致患者兩眼左視野消失？
MOEX-113090-1301-Q057,113,第二次,113090,1301,57,解剖學,生理學,急診來了一位患者，半年前他曾經進行健康檢查，檢查人員抽取 1 mL的血液，經離心後測量血漿 （plasma）體積為 0.6 mL，並告訴他正常。今日他因身體不適來到急診室，再次進行血液檢查後，醫生告 訴患者出現貧血現象。下列那一個數值，最可
MOEX-113090-1301-Q058,113,第二次,113090,1301,58,解剖學,生理學,心臟組織的傳導速度由快到慢的排列，下列何者正確？
MOEX-113090-1301-Q059,113,第二次,113090,1301,59,解剖學,生理學,下列有關淋巴系統運作，何者最不易發生？
MOEX-113090-1301-Q061,113,第二次,113090,1301,61,解剖學,生理學,吸氣時有時會延長主動脈和肺動脈瓣膜關閉差距的時間，這會造成那一心音分裂（splitting）？
MOEX-113090-1301-Q062,113,第二次,113090,1301,62,解剖學,生理學,"在整個呼吸循環（respiratory cycle）中，肺泡內壓（alveolar pressure, P ）於何時達到最高點？ alv"
MOEX-113090-1301-Q063,113,第二次,113090,1301,63,解剖學,生理學,相較於健康者，肺氣腫（emphysema）的病患有下列那些特徵？①呼吸道阻力（airway resistance）增 加 ②肺臟順應性（lung compliance）減少 ③生理無效腔（physiological dead space）
MOEX-113090-1301-Q065,113,第二次,113090,1301,65,解剖學,生理學,關於不帶有spike potentials的腸道慢波（slow waves）的敘述，下列何者最適當？
MOEX-113090-1301-Q067,113,第二次,113090,1301,67,解剖學,生理學,"若受試者的腎血流量（renal blood flow）為1,250 mL/min，血比容（hematocrit）為50%，腎絲球過濾率 （glomerular filtration rate）125 mL/min，則其腎臟之過濾分數（fil"
MOEX-114020-1301-Q047,114,第一次,114020,1301,47,解剖學,生理學,下 列有關人類嗅覺功能之敘述，何者最恰當？
MOEX-114020-1301-Q048,114,第一次,114020,1301,48,解剖學,生理學,下 列那一個腦區，在維持晝夜節律（circadian rhythm）方面，比其他三個腦區扮演更為重要的角色？
MOEX-114020-1301-Q050,114,第一次,114020,1301,50,解剖學,生理學,下 列有關眼睛的光學現象，何者最不適當？
MOEX-114020-1301-Q051,114,第一次,114020,1301,51,解剖學,生理學,在 腦電圖記錄中，K 複合波最常出現在不同睡眠階段的那一期？
MOEX-114020-1301-Q052,114,第一次,114020,1301,52,解剖學,生理學,自 celiac ganglion 出發的交感神經節後神經，最不可能影響下列何種器官之生理功能？
MOEX-114020-1301-Q058,114,第一次,114020,1301,58,解剖學,生理學,對 於正常左心與右心的比較，下列敘述何者最不適當？
MOEX-114020-1301-Q060,114,第一次,114020,1301,60,解剖學,生理學,正 常生理情況下，下列有關冠狀動脈（coronary artery）血流增加的時機與其原因的說明，何者正確？
MOEX-114020-1301-Q062,114,第一次,114020,1301,62,解剖學,生理學,下 列何種刺激最可能會造成支氣管收縮（bronchoconstriction）？
MOEX-114020-1301-Q064,114,第一次,114020,1301,64,解剖學,生理學,下 列何種脂肪酶（lipase）需要膽汁幫助其消化作用？
MOEX-114020-1301-Q067,114,第一次,114020,1301,67,解剖學,生理學,與 近髓質腎元（juxtamedullary nephron）相比較，皮質腎元（cortical nephron）最常缺少下列那一部 分？
MOEX-114090-1301-Q049,114,第二次,114090,1301,49,神經解剖,生理學,某 一病人罹患中風後講話流利，但卻出現閱讀上的困難，下列何者最有可能是發生病變的位置？
MOEX-114090-1301-Q050,114,第二次,114090,1301,50,解剖學,生理學,下 列那個腦區和恐懼情緒最直接相關？
MOEX-114090-1301-Q051,114,第二次,114090,1301,51,解剖學,生理學,下 列有關自主神經系統的敘述，何者最不適當？
MOEX-114090-1301-Q053,114,第二次,114090,1301,53,解剖學／生理學,生理學,人 在移動時能感受到垂直加速，最主要是下列那一個構造之功能？
MOEX-114090-1301-Q054,114,第二次,114090,1301,54,解剖學,生理學,在 副交感神經系統興奮的情況下，下列何者有關眼球之變化最不可能發生？
MOEX-114090-1301-Q059,114,第二次,114090,1301,59,解剖學,生理學,記 錄心肌細胞的動作電位時，在去極化與平原期之間有一段快速而短暫的再極化期（initial rapid repolarization），下列何者是它產生的主要機制？
MOEX-114090-1301-Q061,114,第二次,114090,1301,61,解剖學,生理學,下 列血壓、心跳之變化，何者最易發生於顱內壓上升的病人？
MOEX-114090-1301-Q062,114,第二次,114090,1301,62,解剖學,生理學,一 位成年女子，其體動脈血中氧氣濃度 200 mL/L，全身氧氣消耗速率（oxygen consumption rate）為 250 mL/min。已知她的心輸出量（cardiac output）為 5 L/min，血紅素濃度 16 g/d
MOEX-114090-1301-Q068,114,第二次,114090,1301,68,解剖學,生理學,下 列有關胰島素的調控和生理作用的敘述，何者最為適當？
MOEX-114090-1301-Q077,114,第二次,114090,1301,77,解剖學,生物化學,下 列那一種維生素需要膽汁幫助吸收？
MOEX-114090-1301-Q089,114,第二次,114090,1301,89,解剖學,生物化學,細 胞膜上包含甘油（glycerol）架構的複合性脂質為：
MOEX-115020-1301-Q050,115,第一次,115020,1301,50,解剖學,生理學,副交感神經系統活化會造成下列何種變化？
MOEX-115020-1301-Q052,115,第一次,115020,1301,52,解剖學,生理學,為控制癲癇的發作，某病人在成年時被切去兩側的海馬迴（hippocampus）。下列對他在手術後情況的描述， 何者最為可能？
MOEX-115020-1301-Q054,115,第一次,115020,1301,54,解剖學,生理學,1995 年日本奧姆真理教發動東京地鐵沙林（sarin）毒氣攻擊，造成多人死亡與輕重傷。症狀較輕的只有瞳 孔縮小，症狀嚴重還會出現呼吸困難、肌肉抽搐或胃腸道問題等症狀。根據這些症狀，沙林的作用機制最可 能是：
MOEX-115020-1301-Q057,115,第一次,115020,1301,57,解剖學,生理學,"下列有關心電圖（electrocardiogram, ECG）中 P 波的敘述，何者最不適當？"
MOEX-115020-1301-Q058,115,第一次,115020,1301,58,解剖學,生理學,正常情況下，下列那一現象最不可能發生於心臟週期中的舒張期（diastole）？
MOEX-115020-1301-Q061,115,第一次,115020,1301,61,解剖學,生理學,內肋間肌（iinntteerrnnaall iinntteerrccoossttaall mmuussccllee）主要在何時會收縮？
MOEX-115020-1301-Q062,115,第一次,115020,1301,62,解剖學,生理學,當肺內某區域的肺小動脈（ppuullmmoonnaarryy aarrtteerriioollee）發生局部血管阻塞時，最最可可能能會會導導致致下下列列何何種種反反應應？
MOEX-115020-1301-Q066,115,第一次,115020,1301,66,解剖學,生理學,關於氨的排泄，下列敘述何者最不適當？
MOEX-115020-1301-Q095,115,第一次,115020,1301,95,解剖學,生物化學,下列何種物質主要是在小腸形成，並幫助將三酸甘油酯（triglyceride）運送到肝臟？
